,precision,recall,f1-score,support
ACCOUNTANT,0.5925925925925926,0.8888888888888888,0.7111111111111111,18.0
ADVOCATE,0.75,0.6666666666666666,0.7058823529411765,18.0
AGRICULTURE,0.6,0.3333333333333333,0.42857142857142855,9.0
APPAREL,0.7272727272727273,0.5714285714285714,0.64,14.0
ARTS,0.6,0.4,0.48,15.0
AUTOMOBILE,0.6666666666666666,0.4,0.5,5.0
AVIATION,0.8421052631578947,0.8888888888888888,0.8648648648648649,18.0
BANKING,0.875,0.8235294117647058,0.8484848484848485,17.0
BPO,1.0,0.3333333333333333,0.5,3.0
BUSINESS-DEVELOPMENT,0.65,0.7222222222222222,0.6842105263157895,18.0
CHEF,0.8125,0.7222222222222222,0.7647058823529411,18.0
CONSTRUCTION,0.8333333333333334,0.8823529411764706,0.8571428571428571,17.0
CONSULTANT,0.7142857142857143,0.2777777777777778,0.4,18.0
DESIGNER,0.8666666666666667,0.8125,0.8387096774193549,16.0
DIGITAL-MEDIA,0.7,0.5,0.5833333333333334,14.0
ENGINEERING,0.75,0.8333333333333334,0.7894736842105263,18.0
FINANCE,0.8461538461538461,0.6111111111111112,0.7096774193548387,18.0
FITNESS,0.7368421052631579,0.7777777777777778,0.7567567567567568,18.0
HEALTHCARE,0.6666666666666666,0.5555555555555556,0.6060606060606061,18.0
HR,0.8,1.0,0.8888888888888888,16.0
INFORMATION-TECHNOLOGY,0.68,0.9444444444444444,0.7906976744186046,18.0
PUBLIC-RELATIONS,0.6,0.9375,0.7317073170731707,16.0
SALES,0.65,0.7222222222222222,0.6842105263157895,18.0
TEACHER,0.6363636363636364,0.9333333333333333,0.7567567567567568,15.0
accuracy,0.7211796246648794,0.7211796246648794,0.7211796246648794,0.7211796246648794
macro avg,0.7331853841009542,0.6891009181450357,0.6883852713489018,373.0
weighted avg,0.7292481790351129,0.7211796246648794,0.7085722554680659,373.0
