actual_class,predicted_class,decision_score,text_preview,error_category
APPAREL,HR,-0.4055,CFO ASSISTANT/EXECUTIVE ADMINISTRATOR/HR MANAGER/CS           Professional Summary    To apply myself in a new and challenging position with a progressive organization for long-term employmen...,Subtle Discriminative Boundary / Multi-Disciplinary Experience
HEALTHCARE,ARTS,-0.4756,"OWNER       Summary     Results-oriented individual with diverse background in management and customer service. Dedicated to providing excellent customer service and Strong work ethic, profes...",Subtle Discriminative Boundary / Multi-Disciplinary Experience
ARTS,PUBLIC-RELATIONS,-0.0345,"MARKETING MANAGER       Summary    To use my skills, knowledge and enthusiasm to advance the public image and credibility of a business-driven company, in a manner consistent with its existin...",Cross-domain Creative & Media Terminology
DIGITAL-MEDIA,INFORMATION-TECHNOLOGY,0.1374,"SPRINT ISP MANAGEMENT TO THE VENDOR             Qualifications          Windows 95-XP-Windows 7/8.8,1/10  Windows NT/2000/2003/2008/2012  Red Hat (limited)  Ubuntu (limited) VIRTUALIZATION TE...",Subtle Discriminative Boundary / Multi-Disciplinary Experience
DIGITAL-MEDIA,PUBLIC-RELATIONS,-0.0153,"DIGITAL MARKETING COORDINATOR         Skills          PROFESSIONAL SUMMARY  Digital Marketing Coordinator skilled in leveraging the power of blogs, online communities and social media platfor...",Cross-domain Creative & Media Terminology
PUBLIC-RELATIONS,ACCOUNTANT,-0.525,"BILLING SERVICES ASSOCIATE           Professional Summary    Detail-oriented and versatile government, commercial, and non-profit billing professional with proven ability to efficiently manag...",Subtle Discriminative Boundary / Multi-Disciplinary Experience
CONSULTANT,AVIATION,-0.5924,"JEWELRY CONSULTANT           Summary    As you will see on my resume, I have the required experience, education, and training you seek in a candidate.  In addition, I am a military spouse and...",Subtle Discriminative Boundary / Multi-Disciplinary Experience
APPAREL,ARTS,-0.7093,"BRANCH ADMINISTRATOR           Objective     Obtain a challenging position which will demonstrate and highlight my organizational, customer service, communication, and project management skil...",Subtle Discriminative Boundary / Multi-Disciplinary Experience
ARTS,FITNESS,-0.2894,"VIDEO DIRECTOR, EAST COAST VIDEO FOR ENTERPRISE BRANDS       Summary     Athletics have always been an integral part of my life in one way or another. After years of using my physical fitness...",Subtle Discriminative Boundary / Multi-Disciplinary Experience
DIGITAL-MEDIA,BUSINESS-DEVELOPMENT,-0.273,"DIGITAL MEDIA CONSULTANT       Summary     Dynamic and results-driven Outside Sales and Territory Manager with over 15 years of successful new business development, competitive market share e...",Subtle Discriminative Boundary / Multi-Disciplinary Experience
FINANCE,ACCOUNTANT,0.3409,"GLOBAL FINANCE ACCOUNTANT       Summary    Honest, reliable, dependable, hardworking, quick learner, enthusiastic, motivated individual with strong work ethics, who is results driven, detail ...",Semantic Overlap (Financial Domain shared terminology)
AUTOMOBILE,ADVOCATE,-0.5654,"POLICY SERVICE SPECIALIST III       Professional Summary    Seeking the position of Claims Representative I, where my skills, experience, and assistance can be utilized for the success of...",Subtle Discriminative Boundary / Multi-Disciplinary Experience
BPO,CHEF,-0.5934,MANAGER- ADMINISTRATION & FACILITIES           Executive Summary     A motivated administrative professional seeking a position in a challenging environment. Over 8 years experience successfu...,Subtle Discriminative Boundary / Multi-Disciplinary Experience
CONSTRUCTION,ENGINEERING,-0.5196,SAFETY PROFESSIONAL / CONSTRUCTION SUPERVISOR       Summary    Seeking a Purchasing Manager position with a firm in the Western New York vicinity in which I can utilize my 15+ years experienc...,Subtle Discriminative Boundary / Multi-Disciplinary Experience
CONSTRUCTION,DESIGNER,-0.3767,CONSTRUCTION       Executive Summary    To find an internship in the profession where I can gain experience in and exposure to the practice of product design.      Core Qualifications        ...,Subtle Discriminative Boundary / Multi-Disciplinary Experience
FINANCE,ACCOUNTANT,0.747,"AVP, FINANCE       Summary     Accounting professional with extensive experience financial and managerial accounting practices and procedures. Detail oriented with strong organizational skill...",Semantic Overlap (Financial Domain shared terminology)
BANKING,CONSULTANT,-0.4234,"SOFTWARE ENGINEER             Qualifications        C# 3.0, PL/SQL, JavaScript, HTML 4, CSS 2  Framework: .NET 3.5  Database: SQL Server 2008, Oracle 9i  Operating systems: Windows 98/XP, Win...",Subtle Discriminative Boundary / Multi-Disciplinary Experience
DIGITAL-MEDIA,INFORMATION-TECHNOLOGY,-0.3075,"IT & MEDIA ADMINISTRATOR       Summary    Experienced IT Administrator with a keen eye for innovative solutions and 15 years of experience in troubleshooting, managing and ensuring that netwo...",Subtle Discriminative Boundary / Multi-Disciplinary Experience
AGRICULTURE,PUBLIC-RELATIONS,-0.3488,PROJECT(S) MANAGER       Professional Overview     A Medical Anthropologist who is driven by a fundamental interest in human health and welfare from a sociocultural perspective. Ms. Kazaryan ...,Subtle Discriminative Boundary / Multi-Disciplinary Experience
FINANCE,ACCOUNTANT,-0.0823,SENIOR MANAGER -NATIONAL SALES FINANCE           Executive Profile     Ambitious [Job Title] who creates strategic alliances with organization leaders to effectively align with and support ke...,Semantic Overlap (Financial Domain shared terminology)
CONSULTANT,ACCOUNTANT,0.2829,CONSULTANT           Summary    Accomplished and highly skilled Controller with a proven ability to impact corporate performance through skillful orchestration of fiscal management and team l...,Subtle Discriminative Boundary / Multi-Disciplinary Experience
SALES,PUBLIC-RELATIONS,-0.5492,SALES           Career Overview     Executive Assistant who is skilled at multi-tasking and maintaining a strong attention to detail. Employs professionalism and superior communication skills...,Subtle Discriminative Boundary / Multi-Disciplinary Experience
ARTS,ADVOCATE,-0.2306,CO- FOUNDER/THERAPIST AND TEACHING ARTIST       Summary     Mental Health Counselor specializing in  Art and Play Therapies . Responsible self-starter who communicates well and is dedicated t...,Subtle Discriminative Boundary / Multi-Disciplinary Experience
CONSULTANT,SALES,-0.1022,"CONSULTANT           Summary    Professional, dedicated hard worker. Over 10 years of Customer Service Experience. Self-motivated inside Sales Representative with excellent verbal and written...",Semantic Overlap (Client acquisition & revenue terminology)
ARTS,AVIATION,-0.773,"EXECUTIVE DIRECTOR       Career Overview     Highly motivated public servant for over 35 years in a multitude of facets to include: Administrative Management, Logistics Management, Budget Man...",Subtle Discriminative Boundary / Multi-Disciplinary Experience
CONSULTANT,HEALTHCARE,-0.3219,"CONSULTANT         Summary     Versatile Management Professional trained in Insurance, Healthcare, Project Management, and Operational Leadership who thrives in dynamic, challenging and fast-...",Subtle Discriminative Boundary / Multi-Disciplinary Experience
APPAREL,HR,-0.0603,SUBSTITUTE TEACHER           Summary    Seeking an Administrative position where my professional experience and education will allow me to make an immediate contribution as an integral part o...,Subtle Discriminative Boundary / Multi-Disciplinary Experience
SALES,APPAREL,-0.2648,SALES MANAGER       Summary    Friendly and enthusiastic with over six years of specialization in hospitality. Able to learn new tasks quickly and proficient in growing key customer relations...,Subtle Discriminative Boundary / Multi-Disciplinary Experience
FINANCE,AVIATION,-0.5216,FINANCE OFFICER       Professional Summary    Bilingual self-starter with broad customer service background. Skilled in developing relationships and providing exceptional individualized servi...,Subtle Discriminative Boundary / Multi-Disciplinary Experience
DESIGNER,ENGINEERING,-0.0584,LEAD DESIGNER       Career Focus     An professional with experience in dealing with the optimization of complex processes or systems as well as providing steel framing solutions to residenti...,Subtle Discriminative Boundary / Multi-Disciplinary Experience
AGRICULTURE,FINANCE,0.0246,DIRECTOR OF FINANCE           Summary    Financial Statement Reporting & Analysis Budgeting & Forecasting SOX Compliance Accounts Payable/Receivable Sales & Use Tax Returns SEC Reporting Prob...,Subtle Discriminative Boundary / Multi-Disciplinary Experience
BUSINESS-DEVELOPMENT,PUBLIC-RELATIONS,-0.4257,"BUSINESS DEVELOPMENT COORDINATOR/EVENT COORDINATOR           Summary    Dynamic and creative Business Development Coordinator with a successful career in marketing,promotions,public relations...",Subtle Discriminative Boundary / Multi-Disciplinary Experience
FITNESS,TEACHER,-0.1308,AVID TUTOR         Core Qualifications          Academic planning  Goal setting and implementation  Counseling  Group instruction       Microsoft office  Public speaking  Attention to detail ...,Subtle Discriminative Boundary / Multi-Disciplinary Experience
HEALTHCARE,APPAREL,-0.2153,"SENIOR ANALYST - BUSINESS INTELLIGENCE AND ANALYTICS - HEALTHCARE       Summary     My 9 years of experience working in Retail, Analytics, and Reporting have given me a strong understanding o...",Subtle Discriminative Boundary / Multi-Disciplinary Experience
SALES,ARTS,-0.467,"SALES ASSOCIATE       Professional Summary    Food service worker with fast food, retail and customer service experience. Trained in food safety and handling. Highlights Neat, clean and profe...",Subtle Discriminative Boundary / Multi-Disciplinary Experience
BANKING,ARTS,-0.4417,"BANKING BOOT CAMP PARTICIPANT       Summary     Recent graduate student with a bachelors in Economics and minors in Finance From Central Connecticut State University, Looking to get some work...",Subtle Discriminative Boundary / Multi-Disciplinary Experience
DESIGNER,PUBLIC-RELATIONS,0.182,"GRAPHIC DESIGNER       Summary    ➢ While working as Front Desk Receptionist at Meyer Sound, contributed to Marketing Team by updating and translating marketing materials, updating website, a...",Cross-domain Creative & Media Terminology
ENGINEERING,TEACHER,-0.7726,"SENIOR ENGINEERING MANAGER       Summary     Personable, patient and adaptable Math tutor with 3 years of experience tutoring K-12 and college students in Mathematics. Highly reliable and app...",Subtle Discriminative Boundary / Multi-Disciplinary Experience
ACCOUNTANT,BUSINESS-DEVELOPMENT,-0.7464,ACCOUNTANT       Summary     Reliable Customer Service Representative with extensive track record in demanding sales and account management environments.  Personable and responsible Cashier w...,Subtle Discriminative Boundary / Multi-Disciplinary Experience
FITNESS,SALES,-0.2591,ACCOMMODATION SERVICE EXECUTIVE LL       Professional Summary    Customer service and sales expert who identifies customer needs and delivers solutions to problems. Driven to exceed sales and...,Subtle Discriminative Boundary / Multi-Disciplinary Experience
AUTOMOBILE,FINANCE,-0.5248,SERVICES ENGINEER           Summary    Seeking a challenging and exciting job in a growth oriented industry were my potential for hard work and skills will be fully utilized        Experience...,Subtle Discriminative Boundary / Multi-Disciplinary Experience
ADVOCATE,SALES,-0.5279,GRADATION CANDIDATE ADVOCATE       Executive Summary      High-energy Manager successful in building and motivating dynamic teams. Cultivates a company culture in which staff members feel com...,Subtle Discriminative Boundary / Multi-Disciplinary Experience
AGRICULTURE,HEALTHCARE,-0.6481,RESEARCH MOLECULAR/RESEARCH  MICROBIOLOGIST/RESEARCH ECOLOGIST (RESEARCH ASSOCIATE)       Professional Summary     Fully credentialed LPN with experience providing compassionate care in a hos...,Subtle Discriminative Boundary / Multi-Disciplinary Experience
AGRICULTURE,ENGINEERING,-0.572,"SAFETY INTERN         Areas of Expertise         Occupational Safety Microsoft Word, Excel, Power Point, E-Tools             Professional Experience     05/2015   to   08/2015     Safety Inte...",Subtle Discriminative Boundary / Multi-Disciplinary Experience
FINANCE,ACCOUNTANT,0.1297,ACTING FINANCE MANAGER         Summary     Innovative Accountant proficient in extracting financial data from various reporting systems and suggesting key operational changes.   Accommodating...,Semantic Overlap (Financial Domain shared terminology)
ARTS,HEALTHCARE,-0.2346,"CUSTOMER SERVICE ASSOCIATE/CASHIER           Summary    Highly motivated professional seeking a Receptionist position. Possesses excellent communication skills, a strong intuitive analytical ...",Subtle Discriminative Boundary / Multi-Disciplinary Experience
BANKING,FITNESS,0.0862,"PROGRAM ASSISTANT         Professional Summary     Program Assistant with supervising experience and exceptional people skills. Versed in Daxko Operations, membership, childcare. Desires a ch...",Subtle Discriminative Boundary / Multi-Disciplinary Experience
SALES,CHEF,-0.4609,"SALES REPRESENTATIVE       Summary     Food service worker with fast food, retail and customer service experience. Trained in food safety and handling.  Also have some Sales Representative Sk...",Subtle Discriminative Boundary / Multi-Disciplinary Experience
ADVOCATE,HR,-0.4934,"ADMINISTRATIVE ASSISTANT         Summary     Masters prepared Administrative Assistant seeking a position as Human Resource Assistant. Exceptional administrative skills, human resource experi...",Subtle Discriminative Boundary / Multi-Disciplinary Experience
AGRICULTURE,TEACHER,0.5782,"LEAD TEACHER       Professional Summary    Seeking an Education Coordinator position with a company that will allow me to fully manage curriculum development, coordinate on the job training o...",Subtle Discriminative Boundary / Multi-Disciplinary Experience
ENGINEERING,INFORMATION-TECHNOLOGY,-0.3944,QA ENGINEERING TEAM LEAD         Career Overview    Eight years of progressive technical experience in quality assurance engineering of computer software in windows environment Strong practic...,Subtle Discriminative Boundary / Multi-Disciplinary Experience
HEALTHCARE,FITNESS,0.8588,"CERTIFIED PERSONAL TRAINER           Professional Summary       Certified Personal Trainer     4+ years of experience with formal training in business development, leadership, health and fitn...",Subtle Discriminative Boundary / Multi-Disciplinary Experience
FITNESS,SALES,0.1731,"SALES ASSOCIATE       Summary    Customer service oriented associate with over two years' worth of experience working with the public, and over 1 year's worth of money-handling experience. Co...",Subtle Discriminative Boundary / Multi-Disciplinary Experience
ADVOCATE,HEALTHCARE,-0.3564,VICE PRESIDENT       Executive Profile     Accomplished at building and sustaining outstanding teams. Creates a team vision that supports the organizational vision. Skilled at turning teams i...,Subtle Discriminative Boundary / Multi-Disciplinary Experience
CHEF,TEACHER,0.2968,"KINDERGARTEN TEACHER         Professional Summary       Energetic, results-oriented team-player eager to bring strong administrative skills to a growing company in need of top-level support. ...",Subtle Discriminative Boundary / Multi-Disciplinary Experience
BUSINESS-DEVELOPMENT,ACCOUNTANT,-0.3577,BUSINESS DEVELOPMENT MANAGER           Summary     Hard working and energetic management professional focused on customer satisfaction throughout all stages of the sales life cycle.       Hig...,Subtle Discriminative Boundary / Multi-Disciplinary Experience
DESIGNER,BUSINESS-DEVELOPMENT,-0.4455,FREELANCE WEBSITE DESIGNER         Summary     Marine Corps trained leader and business development specialist. With an extensive background in many facets throughout the operational side of ...,Subtle Discriminative Boundary / Multi-Disciplinary Experience
CONSULTANT,ACCOUNTANT,-0.0221,CONSULTANT       Professional Profile    To obtain a tax accountant position that offers me the opportunity to actively apply the knowledge and skills developed during my 9-year career in an ...,Subtle Discriminative Boundary / Multi-Disciplinary Experience
ARTS,TEACHER,0.1407,"TUTORING CONSULTANT           Executive Profile    Motivated, enthusiastic educational leader with 15+ years' experience fostering a cohesive student learning atmosphere conducive to learning...",Subtle Discriminative Boundary / Multi-Disciplinary Experience
CONSULTANT,PUBLIC-RELATIONS,-0.4162,CONSULTANT       Summary    Military veteran and PhD with a breadth of professional experience. Proven expertise in long- and short-term projects with tight deadlines and changing requirement...,Subtle Discriminative Boundary / Multi-Disciplinary Experience
ENGINEERING,CONSTRUCTION,-0.2027,ENGINEERING INTERN         Summary    To contribute my skills and experience to the further the development of an organization and achieve growth in my professional career path.      Educatio...,Subtle Discriminative Boundary / Multi-Disciplinary Experience
HEALTHCARE,INFORMATION-TECHNOLOGY,-0.2148,SR. PROJECT MANAGER       Profile     Information Technology Professional with a diverse background and 10+ years of progressive experience as an: experienced IT professional consistently del...,Subtle Discriminative Boundary / Multi-Disciplinary Experience
HEALTHCARE,CHEF,0.3716,"DINING SERVICES COORDINATOR       Professional Summary     I have worked in fine dining, in hotels, for more than half of my career, and I also have experience in the hospitalsetting. I have ...",Subtle Discriminative Boundary / Multi-Disciplinary Experience
ADVOCATE,FITNESS,-0.6639,"OVERNIGHT PHARMACY TECHNICIAN           Professional Summary    Highly motivated and skilled individual with extensive background experience in customer service, administration, retail; long-...",Subtle Discriminative Boundary / Multi-Disciplinary Experience
FITNESS,SALES,-0.4312,KIDS CLUB ATTENDANT       Summary     Reliable and friendly  Customer Service and Sales Associate  who quickly learns and masters new concepts and skills. Passionate about helping customers a...,Subtle Discriminative Boundary / Multi-Disciplinary Experience
HEALTHCARE,ADVOCATE,-0.4987,LICENSED HEALTHCARE COMMUNICATOR       Summary    To obtain a stable and growth-oriented position which will allow me to promote the profession of nursing by training and developing current a...,Subtle Discriminative Boundary / Multi-Disciplinary Experience
FINANCE,ACCOUNTANT,1.1833,"FINANCE ACCOUNTANT       Summary    Staff Accountant proficient flexible who adapts seamlessly to constantly evolving accounting processes and technology.  Adept at budget forecasting, financ...",Semantic Overlap (Financial Domain shared terminology)
APPAREL,TEACHER,-0.5392,"GC         HEAD HOSTESS       Summary     To whom it may concern, my name is Grace Celsi and I would like to share a few of my work-centered skills all while maintaining prestigious grades. So...",Subtle Discriminative Boundary / Multi-Disciplinary Experience
ARTS,FITNESS,-0.2509,EXECUTIVE DIRECTOR       Professional Summary     Visionary and motivated hospitality leader with over twenty-five years of experience in project management and financial administration in bo...,Subtle Discriminative Boundary / Multi-Disciplinary Experience
CONSULTANT,PUBLIC-RELATIONS,-0.4552,"MARKETING CONSULTANT           Summary     Value Creator, Marketing Executive:  Versatile strategic leader with over 15 years in corporate marketing, business development, and account managem...",Subtle Discriminative Boundary / Multi-Disciplinary Experience
ARTS,SALES,-0.5346,"INSIDE ACCOUNT MANAGER         Summary     Inside Account Manager with eight years experience at SHI to fill Inside Sales Team Manager position. Strong organizational, analytical, problem res...",Subtle Discriminative Boundary / Multi-Disciplinary Experience
ACCOUNTANT,CONSTRUCTION,0.2762,"PROJECT ACCOUNTANT           Career Focus     Dedicated and focused  professional  who excels at prioritizing, completing multiple tasks simultaneously and following through to achieve projec...",Subtle Discriminative Boundary / Multi-Disciplinary Experience
CONSULTANT,INFORMATION-TECHNOLOGY,-0.0113,IT CONSULTANT           Professional Profile    Accomplished Senior IT Engineer with demonstrated ability to analyze business requirements and create effective technical solutions applicable ...,Subtle Discriminative Boundary / Multi-Disciplinary Experience
BUSINESS-DEVELOPMENT,SALES,-0.5541,BUSINESS DEVELOPMENT ASSOCIATE       Summary    I appreciate your time!  I am a high performing and advanced sales professional of 10 years that can benefit your company. I know I would be a ...,Semantic Overlap (Client acquisition & revenue terminology)
CONSULTANT,PUBLIC-RELATIONS,-0.4005,"CONSULTANT       Summary     An accomplished and results-driven  MARKETING AND SALES MANAGER AND PROFESSIONAL  with extensive experience in new business development, branding, customer relati...",Subtle Discriminative Boundary / Multi-Disciplinary Experience
AUTOMOBILE,BANKING,-0.1806,CUSTOMER SERVICE REPRESENTATIVE           Core Strengths          Active listening skills  Strong organizational skills  Top sales performer  Adaptive team player      Seasoned in conflict re...,Subtle Discriminative Boundary / Multi-Disciplinary Experience
TEACHER,BUSINESS-DEVELOPMENT,-0.5963,"SUBSTITUTE TEACHER       Summary    Administrative Assistant with 16+ years experience working with corporations, law firms, and large and small businesses in all aspects of business developm...",Subtle Discriminative Boundary / Multi-Disciplinary Experience
CHEF,HEALTHCARE,0.079,"KITCHEN UTILITY WORKER/EVENING WEEKEND CHEF       Professional Summary     Fast-learning recent CNA graduate , fast-paced, enthusiastic about working in a hospital , adult family home, and/or...",Subtle Discriminative Boundary / Multi-Disciplinary Experience
DIGITAL-MEDIA,AGRICULTURE,-0.7583,MEDIA WEATHER FORECASTER           Summary     Skilled weather forecaster with experience in the media network. Familiar with SmartMET system to make short and medium range forecasts at any s...,Subtle Discriminative Boundary / Multi-Disciplinary Experience
DIGITAL-MEDIA,PUBLIC-RELATIONS,-0.0355,"DIGITAL CONTENT EDITOR       Summary    I am a devoted writer and editor inspired to tell stories. With solid experience in print and digital magazine, corporate communications and project ma...",Cross-domain Creative & Media Terminology
APPAREL,BUSINESS-DEVELOPMENT,-0.2548,"ACCOUNT MANAGER/BUSINESS DEVELOPMENT           Experience      Account Manager/Business Development  ,     07/2018   to   07/2019     Company Name   –   City  ,   State      Responsible for s...",Subtle Discriminative Boundary / Multi-Disciplinary Experience
CHEF,AGRICULTURE,-0.8113,"TABLE GAMES DEALER           Summary    Throughout the years, I've been trained to give only the best service and customer care. It is not only about doing the job right, but to make sure the...",Subtle Discriminative Boundary / Multi-Disciplinary Experience
CONSULTANT,ACCOUNTANT,0.2622,"CONSULTANT       Summary    Position in Accounting/Regulatory or banking operations      Highlights        Microsoft Office, Lotus Notes, QuickBooks, ACBS, BCS, OTG, AP, RECON+, FMS (G/L Syst...",Subtle Discriminative Boundary / Multi-Disciplinary Experience
INFORMATION-TECHNOLOGY,CONSULTANT,-0.4618,DATABASE PROGRAMMER/ANALYST (.NET DEVELOPER)       Summary     Software Engineer with 2 years in Web Developer specializing in front end development. Proficient in Software Development Life C...,Subtle Discriminative Boundary / Multi-Disciplinary Experience
CHEF,CONSTRUCTION,0.1666,MANAGER/PIZZA CHEF       Summary       Expert in managing kitchen staff and preparing foods at reduced cost without compromising quality and taste.     Skilled Pizza Chef with exceptional kno...,Subtle Discriminative Boundary / Multi-Disciplinary Experience
CONSULTANT,BUSINESS-DEVELOPMENT,-0.3361,"CONSULTANT       Summary     Resourceful Marketing Manager accomplished in all aspects of program and project management, content/collateral development, web/online marketing, including web d...",Semantic Overlap (Client acquisition & revenue terminology)
AVIATION,ENGINEERING,-0.1817,GRADUATE ENGINEER       Summary    Intellectually curious and resourceful *Great interpersonal skills and ability to communicate effectively at all levels within an organization        Experi...,Subtle Discriminative Boundary / Multi-Disciplinary Experience
ADVOCATE,HR,-0.4013,"CLIENT ADVOCATE / ESCALATION SPECIALIST       Summary     Experienced with over 10 years in high-level executive support roles. Organized, professional, and committed to delivering high quali...",Subtle Discriminative Boundary / Multi-Disciplinary Experience
FINANCE,ACCOUNTANT,0.0608,"FINANCE MANAGER         Summary     Flexible Financial Manager with the ability to multi-task, meet deadlines, communicate effectively, develop and motivate staff, general accounting and  fin...",Semantic Overlap (Financial Domain shared terminology)
CONSULTANT,INFORMATION-TECHNOLOGY,-0.4452,"CONSULTANT           Career Overview     Macintosh Expert with 20 years in technical and customer support roles. Experience in back-end programming, relational databases and development/maint...",Subtle Discriminative Boundary / Multi-Disciplinary Experience
APPAREL,DESIGNER,0.5844,OWNER SENIOR GRAPHIC DESIGNER / UX DESIGNER / APP DEVELOPER          LINKSLINKSLINKSLINKSLINKS    dLINKSLINKSLINKSLINKSLINKSLINKS    LINKSLINKSLINKSLINKS         Professional Summary     Mult...,Subtle Discriminative Boundary / Multi-Disciplinary Experience
HEALTHCARE,DIGITAL-MEDIA,-0.0075,PA MEDIA GROUP       Summary    Be in a position involving and utilizing my marketing and management skills and knowledge gained throughout my education and on the job experience.      Highli...,Subtle Discriminative Boundary / Multi-Disciplinary Experience
BUSINESS-DEVELOPMENT,INFORMATION-TECHNOLOGY,-0.2939,"BUSINESS DEVELOPMENT ANALYST           Executive Profile     Business Analyst and Project Manager with specialization in IT Systems well versed in data mapping and user acceptance testing, as...",Subtle Discriminative Boundary / Multi-Disciplinary Experience
BUSINESS-DEVELOPMENT,DIGITAL-MEDIA,-0.3361,"DIRECTOR OF BUSINESS DEVELOPMENT                 Professional Experience      Director of Business Development    January 2010   to   Current     Company Name   －   City  ,   State    Advise ...",Subtle Discriminative Boundary / Multi-Disciplinary Experience
CONSULTANT,ADVOCATE,-0.6113,CONSULTANT ACCOUNT       Summary    This letter is to express my interest in your          . I believe that my skills and qualifications make me a viable candidate for this opportunity. Below...,Subtle Discriminative Boundary / Multi-Disciplinary Experience
DIGITAL-MEDIA,APPAREL,-0.1566,"DIGITAL PROJECT MANAGER         Highlights        HTML, CSS, MS Office, Magento, Simparel, Active Collab, AS400, Visuality Pro  - Familiar with Google Analytics, Photoshop, Axure and FTP syst...",Subtle Discriminative Boundary / Multi-Disciplinary Experience
CHEF,TEACHER,-0.5008,FOOD SERVER       Professional Summary     Hardworking professional with a history of exceeding expectations and delivering quantifiable results. Known for boosting company morale by fosterin...,Subtle Discriminative Boundary / Multi-Disciplinary Experience
SALES,BUSINESS-DEVELOPMENT,-0.491,"SALES       Career Focus    Professional, yet laid back top notch sales person and manager offering a 29 year background in sales and customer service, as well as in-depth understanding of th...",Semantic Overlap (Client acquisition & revenue terminology)
ADVOCATE,DIGITAL-MEDIA,-0.501,SENIOR ADVISOR AND NATIONAL FUNDRAISING DIRECTOR         Professional Summary    I am an agile and hungry project manager with nearly five years of experience leading cross-functional teams i...,Subtle Discriminative Boundary / Multi-Disciplinary Experience
AGRICULTURE,ENGINEERING,-0.562,QUALITY ASSURANCE ASSOCIATE       Summary     Enthusiastic Chemist eager to pursue a lasting career in the Agriculture industry.  Detail-oriented Chemist with expertise in the instrumentation...,Subtle Discriminative Boundary / Multi-Disciplinary Experience
ARTS,TEACHER,-0.214,FIELD SUPPORT SPECILIST         Summary     Technology support representative providing workstation and application support. Provides end-user support via phone in a service desk environment....,Subtle Discriminative Boundary / Multi-Disciplinary Experience
HEALTHCARE,AUTOMOBILE,-0.6061,"ADVISOR       Summary     Customer Service Representative who maintains a high level of professionalism, patience and efficiency to minimize customer dissatisfaction and increase customer loy...",Subtle Discriminative Boundary / Multi-Disciplinary Experience
BPO,BANKING,-0.3873,SR. WORKFORCE MANAGER       Summary    Results-oriented Workforce & Relationship Manager with diverse background in management & customer service. Dedicated to providing excellent customer se...,Subtle Discriminative Boundary / Multi-Disciplinary Experience
AVIATION,INFORMATION-TECHNOLOGY,-0.5158,AVIATION SAFETY ASSISTANT           Summary     I have 17 years of customer service experience as a administrative assistant with the Federal Aviation Administration.  Throughout my career I ...,Subtle Discriminative Boundary / Multi-Disciplinary Experience
