experiment_id,preprocessing,feature_type,word_ngram,char_ngram,min_df,max_df,sublinear_tf,classifier,C,class_weight,accuracy,macro_precision,macro_recall,macro_f1,weighted_f1,training_time,prediction_time
A1,Variant C (Domain Punctuation & Tech Tokens),word_tfidf,"(1,2)",,1,0.95,True,LinearSVC,1.0,,0.6075,0.6114,0.5656,0.5479,0.5804,6.383,0.009
A2,Variant C (Domain Punctuation & Tech Tokens),word_tfidf,"(1,2)",,2,0.95,True,LinearSVC,1.0,,0.6237,0.6207,0.5808,0.5649,0.599,1.4067,0.006
A3,Variant C (Domain Punctuation & Tech Tokens),word_tfidf,"(1,2)",,2,0.95,True,LinearSVC,2.0,,0.6317,0.6344,0.5881,0.5737,0.6082,1.8712,0.006
A4,Variant C (Domain Punctuation & Tech Tokens),word_tfidf,"(1,3)",,2,0.95,True,LinearSVC,1.0,,0.6263,0.6301,0.5831,0.5691,0.6031,6.9753,0.0087
A5,Variant C (Domain Punctuation & Tech Tokens),word_tfidf,"(1,2)",,2,0.95,True,LogisticRegression,2.0,,0.5995,0.584,0.5525,0.534,0.5743,15.9941,0.0171
B1,Variant C (Domain Punctuation & Tech Tokens),char_tfidf,,"(3, 5)",2,0.95,True,LinearSVC,1.0,,0.6183,0.5892,0.5748,0.558,0.5938,29.8709,0.0471
B2,Variant C (Domain Punctuation & Tech Tokens),char_tfidf,,"(3, 6)",2,0.95,True,LinearSVC,1.0,,0.6183,0.6196,0.5749,0.5615,0.5959,53.7627,0.0858
B3,Variant C (Domain Punctuation & Tech Tokens),char_tfidf,,"(4, 6)",2,0.95,True,LinearSVC,1.0,,0.621,0.623,0.5775,0.5647,0.5993,65.5967,0.124
B4,Variant C (Domain Punctuation & Tech Tokens),char_tfidf,,"(5, 7)",2,0.95,True,LinearSVC,1.0,,0.6102,0.6182,0.5679,0.5563,0.5897,95.4439,0.1395
C1,Variant C (Domain Punctuation & Tech Tokens),word_char_fusion,"(1, 2)","(3, 5)",2,0.95,True,LinearSVC,1.0,,0.6371,0.634,0.5929,0.579,0.6147,28.1734,0.0625
C2,Variant C (Domain Punctuation & Tech Tokens),word_char_fusion,"(1, 2)","(3, 6)",2,0.95,True,LinearSVC,1.0,,0.6344,0.632,0.5904,0.5771,0.6125,45.322,0.0838
C3,Variant C (Domain Punctuation & Tech Tokens),word_char_fusion,"(1, 3)","(3, 5)",2,0.95,True,LinearSVC,1.0,,0.6371,0.6355,0.5929,0.5795,0.6151,19.8246,0.0634
